{"fullscreen":true,"width":240,"height":240,"scale":2,"startScene":"main","version":"0.5.0","clearColor":[0.058823529411764705,0.792156862745098,0.9215686274509803,1]}